commit,number_patches,patch_size_byte,patch_time_ms
0132ed754483b3c6a6ddccf45dcab849ee7e7508,1,632512,10.2627
01407a3a42b753ea0aea1774322a58a4d37a04e4,2,440016,2.6535
0201dea57796e6066a9179b1d4c7150f715d789e,1,292672,2.1756
0205dd01e2d0180474c24aceae0a51e6a3862e64,1,429976,6.5806
03657e88fe0a490ca500fe64f543a990279ebb25,1,89976,1.5456
03cb27e8ecd456a008192fcb7cb274dab7872335,1,265424,3.3076
0429db3c652179ec539096939bd7b69fc53e7a56,1,361936,5.0237
048097ada88c9769f1cebfd88c0f47a2741d4ef1,1,185696,1.5577
04ca7d8aee04909791669ebcaf1dd78374c9ea93,1,234184,1.9319
0506d85122e01e5a94b2e125044a64af6efb350d,1,140344,1.1154
0560738f6b1b34b4399664a92066507b5f05399d,1,164824,0.2871
07631ff18eaa56fec55144fb31747c82691b1b62,1,292848,3.3603
0825552565e5fdab2e87950579c4f0bedded3e3c,1,86576,0.237
08d4df8d313ccd5147ac0ad2f92129b37cf44fa2,1,162568,0.446
097a5556770b6c78bf6eef7bc9b085299fbf2bed,3,877608,11.8621
0a2f78837d82046ec7ffe77f8a2addcb591ff4f7,1,128952,2.0768
0ab885a685101522017021ac2d2b46b42d268f26,2,584000,2.9364
0c030dea73fc9e9d0a0d3c0043e393560362187a,1,258232,3.9164
0c0b77d14959db2c6370eb0badcc1199188dbb39,1,167920,1.2426
0c1273c3896c85beed8d84e03f4dc2300975c1f2,1,423192,0.5252
0d05570a82b730ef3493fbe972d5b5f5752faa64,1,64592,0.3038
0efb93d0c00b20ca87b18a92484225a54614aef6,6,1872416,43.3807
0f14d3279212e1b262869b6160db87d6f117cff5,1,261960,0.1999
1198f7ceff2a255a4198e4b9cc62b4e99fe5651f,2,526472,3.586
1209dc2277342491b100f298d311510c86b0a2f2,1,415024,5.5564
12a6b438a34b064389f347a09970237fc5f616d1,1,65864,0.2134
135998ed8d0fc92d7ee6e23b1a66353f5900695f,2,710760,4.9964
138e7af57bc5fa9a9276dbe89e8a03e303dee3e2,1,108640,1.1698
15ae4e29e537e7ec37f0df1825d9fb2beea67124,1,410520,4.3882
1655576e23c41ea9c12a42699651d207656a0e83,1,140992,1.0594
17181517ec3c6b945788a9bdc2ef60111981a9e0,2,800360,10.1076
1740300f35ad8a4dbb60ef7feb6a3738596316a8,1,547368,7.9927
17c3ac89e7cf15f299927fc5638177421ae3afe8,1,623904,1.0064
18264d641b1c1cb2d4b4053fe9a6934190ef84b7,1,60664,0.6413
1847b987c685c95b581f7e50ef9073e92b09b82f,1,196848,1.3237
18cb4a7d938d01981e9f6c565532a2056ceb269b,1,285344,3.0408
1908aba73d88346ecbdd44fe5322c61813520c54,2,476568,5.0589
193e4acc07ae5e60638145b72e8fd792a47e9d32,1,306864,0.2796
19d01b62ca985bf205d65b1003d39a44149d126d,1,524976,6.0788
1b03a0d7546b0c7afbeb12533090c5395b9d7a01,1,592408,0.3848
1c1bd618c95e26a8ff5c12e70cbf0117233ef073,1,233376,2.5117
1d2839a830b6f6d32fd31ee6d0d31de96e8c535c,1,1058208,7.4108
1d8973c47df9c58cdca08951b5ee119fb5288d35,1,258256,0.827
1e2f0d694046e1e681e0e3a45b7f91316de2b3a9,1,51840,0.3446
1e7227f429f72e5374f5df58c71f5d44ae854193,1,78992,1.0016
1e85b89aefe8e7e24a46bd1c8fb251fdab024b74,1,544792,4.4263
1ee6af4d879da4ffe55f015dd2d2ecd290d750eb,1,316352,3.0449
1fc8ef81aacd5f789a6e6446a975c37a269cdf8c,2,510024,0.6779
2189100383ca06f8c8f163b340a265d018d9ebe9,1,510928,5.2257
21971ac83cbab9bb8e28324f3b0182c3aa759642,1,203432,2.5348
219e29af651f7a20cdcb91f63623785a9ebb07a6,1,147728,1.6361
2211540d9360164a13f1f76f5d313864d9df5102,1,192040,3.6202
22969a13a0c58fc43ca6e598c298470d8450ce44,2,802040,23.0269
239b08574cab1757733d037edf717ce1867ffea2,6,1454352,10.235
240ff70ae639c26939aebb4a19de8206e39e45de,1,570600,7.3617
2551b0f696c5595352f73e1364319c18e82792cd,1,82856,0.6722
256ddbf6dc185888b3d8a6af0e74fc877cb6211b,1,338360,0.7412
25f610fc298c40ff7dd935ae0b867b19dc75161d,1,86984,0.4717
266e6423bf44368bf7ed738992cb2b5305215f37,1,312192,1.1511
27c0ab238b19b42066930f72f7b127399d6a5f85,2,368544,3.9603
27d9c729e5f4c079d9c99cfa950aeb5aeefceb52,1,180848,1.7753
2a1ea8c7d811cb4461cd42a0c7b811910c80fcb2,1,507440,0.5389
2a2a582e7cd99ba3b531336b8bd41df2b566e619,3,749544,2.0423
2ab6767744a3b31db9cba7445ae6cc94f33b6d51,1,296960,3.1688
2adbbbcdc0797ff9bb8f21e7fb65fea943bd00b5,1,351648,4.5868
2b0ac7427ba5a6e1bc89380e960b138af893bbdd,1,123016,0.2322
2ba8de9d5ead4c9bb70d38caad99a2b40b50de79,1,923472,3.0393
2bcd890d8aa645cab0d8fd0ed765c52a997de4f5,1,325816,0.8668
2cd271e5d5f2f21da7471babee7a4de4ca489362,1,596760,0.5873
2e71edccfca63f50dc2437a08ab0bdd11a5a3d8e,1,429032,7.0681
2eca8aed1422aa4daa7e4ab77511ecb0995ed958,1,229864,0.5722
30278061cc834b4073b004cb1a2bfb0f195734f7,1,155112,2.4002
319a4c04c7ccfb8add8669726a29ba188fc7e06f,1,354640,1.7598
321f98726c88c3c5447fb3aa886b29206dbb6824,1,285544,0.6137
33b7ff387cbc75b5d53d4c42ec6303c8dbd5f656,1,734912,19.3416
34d87be5198409f295401b2722dea13829c2eee8,1,283256,1.2882
35942383507d0f54fceb8d1677ad1d408cc9da8f,2,491104,0.7128
35da4aee7e0c69520cf030144a1541d0b966af08,2,463896,1.2827
363be78397dae5a4387571bf5e7039350caec667,1,334744,3.9696
368124e8fab0ef0791f1cff4cb9c7a83ed18b039,1,59808,0.4067
37599fe75ad70e4a50844fe85c0a414a52708cf2,3,654592,3.7562
3915e1c71a102f3c8fe7b09267a52ee187df77ae,1,316664,2.0994
394614a5f91d88380f480c4610926a865b5b0f16,1,130648,0.7488
39ccce033a08740562b48a3e39746beabfbe6e38,1,175664,1.1613
3a441c7d95c8757d2ab12ff730cc7ca8899538c9,3,838712,8.4522
3a6f00329a34e38ef7b26c1e5888b59f89b19419,1,117208,1.1547
3a91fcbcf36479af110e6ceb43a86569659930ad,1,230656,2.4614
3a9f41ad867059869c3d608c776234a909bd4045,1,108232,1.0228
3c62ad193d4e12905586d6a9fcaca8e980eb76b9,1,151632,0.5438
3c8456c641510039141b76746ccbb385cdd6ebdf,1,347760,1.5084
3cce566eb1f00b329a66aadf1a2bc751386e87da,1,336112,1.3324
3d206f0fcfda546d30ac2cc08e0b4187ec0650d9,1,197280,2.1366
3d3861dd88651fc4a8a6d1f63ccad9b82a3a4589,2,623216,5.5707
3d61cb0cb18a34bc537f5b4b98adb963a6911923,1,330008,1.1643
3e720bbcf5efee15b8d1057026e287929eb8b408,1,84184,0.4545
3f1f02034ce674cad8268f958cf8c39944b240c6,2,574528,0.9013
41bff94b43c73acc01ad086039ae64d08d2c227a,1,74936,0.2314
41e3617df9e50cd2e3e0f3bbdee080bc0e8a927a,1,305416,0.2014
42fbf064d1448b44a149d55ba859109780725d01,1,1170992,23.7467
442e73ea092905cef8f25bf0ac883e90f0666e89,1,165280,1.0963
447b2091e32d4b100a33ad4b1ae6b94e58d1fde9,2,855544,15.8305
449af2cd7a6646de0d4c0a3500fe72d8f18b7453,1,114808,0.1565
450c88f368317ae9d2d3d597cf121999660e2934,1,393248,0.4806
4537830ea1459a0890744380a6ebb6082de24ea1,4,1134192,6.3945
4630da375c541eaa62b6a71037c0d70a6ebcae1e,1,82224,1.1367
47629aaef35d7914870e8067e4cbf96f20cb2872,1,347336,0.9856
47717222b64b9437b12d76f39ac694f7454e3c7c,1,399240,1.6386
4779ed5ebf22c13a254817bff74b686d5c8a6fee,1,138984,0.8384
4780fe78ba611104475561bdcc8ac29dfb22676d,1,577584,8.4951
48568ab6d7f923fddfd0a6bac1a2ef9a97e4d708,1,303280,2.6268
48f04a82a0ac542341fb644a4cfbebadd5c59a33,2,561848,5.6323
49f2f691cbf62aa77ebeed1edd8b008cac622e5c,1,154480,1.1901
4a60fbd8b51403c5edbd98fb513f603bfec6c567,1,22448,0.0957
4a7a4e42db8ff757cdf3f4a824f66426036034ef,1,352472,0.2611
4acd6973bf0b85c80b85f43e94884f4e6d360ab7,1,396552,1.6467
4b262182d95f286222039ee52fc420eb1f9bb955,1,447240,2.8994
4d67bb6afa0da93c061ed1dc07af71f70c732b63,1,537800,3.1374
4dfc487f96600d14ccdd166f55a7ca6358f88ffc,1,119384,0.822
4e8759c65e03f5fb8ff2851a9bb45b6327d92f84,1,130752,0.5113
4f0f799c96f656eb67e13b1e212773a264450c5c,1,234552,1.069
4fcc564a974ff20804906a622b1d8d2f5583c106,1,244160,3.1005
518fd2dcc453fda573d8ef1b4d3c22975d8e8c3f,1,371120,3.7381
52fda0132d1c7b03897d0b056d8613d7bc4e4b2a,1,154096,0.5896
53edd42a4e6c58a9623eabfa15777e05254098e4,1,472904,5.2354
548e4fe088e003b334b0914fa7621606b821df79,1,252200,1.374
54b17f985d55b9e0bd8d0c98eff467f0eff22d07,1,204648,2.8822
54eb66495f1e11ca2018579cdc37e3a747b00c72,1,213288,3.047
5632bbdcbd0c6a8561ab2f980ca307eea26f4fd7,1,122344,0.7684
5656cc82a6cb3226dfa7cc6bcd6ca828641a8119,1,120384,2.4059
5674b0057ff2903d43eaff802017eddf37c360f8,2,810000,6.8131
574a49b96c02f6833bef3b15501aafda1e0fb031,1,77056,0.3559
5807397460ba6ef71bfe32cb8cce935c3348aa31,1,83528,0.2691
5844f5d0d1d9e54848330dc9c4b7b189973ebaba,1,331432,2.5007
58a8c0626ca467fd9ba21818ba13d5b9d98150e0,1,175616,0.7692
59080f602358445b558c539077c76ffbd78301c0,1,61488,0.2087
5a82df05aa07cbc99213c5c0128276f6e12c8d3a,1,65248,0.1872
5abb12e04fa57ec094d25974921b83fa501c0d3f,1,133160,0.9848
5b2119c6395b7eb7bb09f51961911377c610ed26,2,1308920,6.7972
5b6c764711798d077e9c32f7371c7fe53cc50674,1,151904,0.9627
5b722bd7bd2faae3a37c53dd67bd3479e6dbd5c6,1,82832,0.4196
5c374f94efd02fcbe615a92e428a85dd2b3c48ab,1,83456,0.2336
5c6f0b26c002d957b9c9d0d1037ef85cd27dedd8,1,101096,1.3335
5da1e640ada52c9bacaf20a4f976a2de209eccee,1,407544,3.5928
5da7fdb78532e3223cf1d91bb3e935718beccce8,3,940328,20.3442
5e02338e5e479b9f4a0dddf530e4823ffe7e682b,1,36064,0.3346
5f1fcc599ac1d36f7d6be1f13696fc9c884302a8,1,217544,1.4045
5f49f4fb40531e9157b801694c94eba9f5571da4,1,124632,0.1326
60870d3a10fd9496a3860ec77a953a51fa3410c6,1,272280,4.6046
60ef6d28962d10f16458e035eac5ec4d5ec05c98,1,380928,8.4799
61a1d4540de18b82f800bdfdc138057f7145451f,2,1288880,8.967
61baabd8d5cd9178f48b6fad79ae3cb477ef0a11,1,922208,3.8163
61cf011388a76a2d9cda052195730d372ea234fe,4,1011976,11.0192
62474219d0f86f62910d1d6b0832a0153f62cf4b,1,518536,6.5876
643110525e1388dca36097d0be6d48a5021e59e1,1,277496,0.9126
6461f09f433b78e3d69650a1377ac0574cb87378,1,653592,11.2654
64b28d1097053da03d25afbe0ded80f24af7ca36,1,187840,2.556
666ed7facf4524bf6d19b11b20faa2cf93fdf591,1,464960,9.4752
669a8dba375f9340442b0286dd4e571fdb9cb186,1,235680,3.4528
66ff5e6974e029722ddb5d1c7d1592f719419055,1,483376,13.3571
677f7585e0337c676e1a86a3828849d27e871e55,1,223384,3.2879
679344a2b064735b1807ccd70ef318a5829a277b,1,293376,2.7763
6956d15b776e72f7274b516224e930f2c957bac3,1,130240,0.5448
6a6d8806a471f718b1d178c14320e2126f2e3a9a,2,391352,5.971
6ac3c0b7abd35f37201ed2d6298ecef4ea1ae1dd,1,335376,3.6173
6b44e4ea92edd0f06971b5b7354769255fde66a8,1,420952,1.9711
6b71f714bdd20983546cbac2b857be7df69c82de,1,745912,20.8307
6c25c6b7da116e110e89a5db45eeae743879e7ea,2,328224,4.2069
6cf24fa437b04468055b4afbb24732208e549264,1,882768,0.4035
6e1c3ff132ab99602e4e71c1ccaa5795b0d996e7,1,434808,4.6782
6ef80f4ed21c14a879166a96dda91733a48d895c,1,209336,3.4472
6fa16f585c579b92577e3207f14fdab0a6830b69,2,247888,1.3232
6facfb7a103b26b9a602253a738b2130afb7c5d3,9,2083904,22.8122
708a4e8a9bdd9de1cb9ebd3f7f10baffd3419b9e,1,252888,1.4631
7091b495a09b8e8b93c1f1dd257fd91fff7023fb,1,91352,0.3361
718a826c51019fa13b6b59c774f082891e2ba32a,1,316840,2.4297
71be97294abf3657710a044157ebbc8a21489da3,1,265920,1.3709
733af1482217b2778f4ed594a176c0fe015150df,1,162472,0.6566
7569b210d6be5c76d5bfb3e1d35663859e735429,1,262080,1.7203
75addb4fe23176199de4d8946301a4086c3e75e5,1,405136,4.562
7675b00a64ab81e88653563443b16da2a5ac41f9,1,56384,0.1291
77570e3965e139abf410470b0c8998f52abf625d,2,270328,2.5893
783b210db4b79cdd1313a8196ea58fa5ad999fd1,1,328928,2.4484
78960ad57b8a5e6af743d789ed8fd767e37d42b8,1,535512,1.1438
789f10156009b404950ad717642a9496ed887083,1,29368,0.1194
78c1623553757c34a1ccfc981204f7a554d81507,1,290600,4.9728
79567b6e6697fbdf7a2ae4b2c3556e04f093c801,2,445816,4.4889
7a550c8bbbf55bdc56a45b9c728b45408d620bc5,1,155904,0.4053
7a62eb96ef31dd36b78274f4c921799fc0588be3,1,504344,5.6198
7ad786db2ee61e33b6a96de8c50b53785f56f556,1,922784,2.5523
7c0fe727145e5927d4ebeaff0bdcdfef061ec999,1,405576,4.1258
7c956d5cdfbd682d6b4a464a7dc55d8152cf6f2b,3,986216,4.607
7d9878e4e508fa62180a8e49aebbad0a16adece4,1,127912,0.5506
7f3fcedb8ca14a557074bf679f77a6eef97b9b81,1,396352,6.6513
7f486ea6eebf0afce74f2e59763b9b82b78629dc,1,83120,0.6858
80a49c37f9950503cee139d180d6250176bd60dd,1,139096,0.6522
8263146227aa922db71434d6877db3333a710f74,1,81280,0.316
83390f55e5b78a1618a81528993bdb7a0c259980,1,167800,0.1869
837c063baf103c4389d8109ff0ef7fa8576a90d5,1,372864,8.4905
8651e5d50d477faa47cc2d7ca02d4cbdcba1e135,1,300816,2.7072
86f27be3dc49a012807ccf94fabfdfcef41dbb0f,1,30984,0.5204
87131a5fa612c0d2b688fc65c722ebc95ae8f42a,1,178872,1.4178
88682ca305e7a69c2cf174c439c76a9a4066413e,1,509048,1.4885
8869589430554bd9e9a4aabb8ed1198d838b4c58,1,407816,9.067
88d58661dbf674b722fc007a8a617e0f95a6be9e,1,297920,1.6216
89682d96ea220e3a7901f57ce9b5a6df756af577,2,485424,6.5813
896cf1a9d98a4d603c5d056ea421d1d6fb3c728e,1,335336,4.5845
897d857115298eb9632ac2cdc8cfea3e1ae3c1e7,1,127088,0.3781
89c68ba3f7fba1e1050c0ecfc7c2e57f64ec15f5,1,370552,0.5675
8a012df9c6f5fa74b8dcf39ef73b9a07d8341238,1,172256,1.0371
8b565570f2bc4b2e454676c9fa8a5b01eef201b1,1,65504,0.2264
8bcca06cb00bd3a80e57a8d08d3666f437642caf,1,576888,7.8475
8c0f06c2e69d014c7b73e48899abb04639f58baf,1,295280,0.6429
8c6223f91d629efdf1f4e89002f188fd2914fe00,1,165384,0.8115
8cc66985673ce1cd1194f4c01d297b3fd39ae4ea,1,428280,2.2452
8d9dff84ce6e04d34f3042105273df080facf46d,1,171016,1.0599
8df81c032685600dd0657a0f28dde5c3d07283ff,2,428528,2.0733
8ee3bddfc7792a8805a9da9eab9bba848a2b066b,1,183840,0.7331
8ef4f1dbad3c40dc90920c4aaa8a2f9f72637786,1,119768,1.1136
8fe25edc7560eac183df31e2831a60777406fff9,1,311408,0.8588
8fe586d344d9155bdd79cf525a59c6283b0365bd,1,119424,0.6604
90f489b0a4d5dab586fc74ff742afbc4c71cf4da,1,419672,4.6395
918c9aa58c2985cb8e0682e24177d71af3d6f815,1,139504,0.4607
91c1568b1a84a62c6aca73bde6e8adac6d5f3504,1,48912,0.419
920e108f84338b5ce08a02169160f0981b030bca,1,412960,0.1578
926beaa3c40bf31e4c28308c52f7f26c4087ed50,1,166424,1.0068
9276d787768b03ade9bf1c5935d2f05f731e25e9,2,503048,1.4603
929ab58a1229d333f60396af2bdfe762f7967d46,1,538904,3.7836
92ad0b5c8b3256871dc9e5da2249e44c76b59c92,1,33992,0.3553
93bad8ae8815d50c5059ed12632d84e0f3cf9e5d,1,511056,5.8981
94694010889199f7dc09ffdcb06cd4e038834ea1,1,383560,5.4437
9524fce0ac11d080d1c50aa6fe58e4f5c4962177,1,334688,0.9676
9535c21515edeb71126ce02cd2e70147073996c2,3,823872,8.6882
97816fd63ef3c40dd0b4f472fb237a0d9e9a7c6f,2,1172736,14.9323
99a425d0f3b7b00896cb855d5de4ae93be1fe3f0,5,1904616,39.6088
99e4cf4d841eb3f79f80201567ff9df24676df7c,1,175712,2.0257
9a3e15c6a2e00fda4f3edb9a99e6b903a60fc7de,2,654560,3.6425
9a4f3d7297654f4492787f8898b7a4ebf6373173,1,305616,0.4323
9b0a47cbc83920f2b6d20e51908978df6ab2e6cd,1,439576,4.6292
9bcdd1537ed6404d4f9def35439af0589f1adf72,1,88160,0.1712
9ccb8dfd4789daf3329a0da9a5c80e07fba7b5c7,1,110912,0.9073
9d2972183ee2a5646780c93ad3ad1f972c119de1,12,1998032,19.4134
9f3b410050d998110ae91c2ac49f832ce0ba2629,1,33816,0.3027
9f4d4eef8fa9aad86371a126d360a54401e5a543,1,360168,0.6798
9f69e179cf7c7e985855babaf894eb600a54edb1,1,180000,1.7433
9f7e214e8cfc9c5636e4198371aed209fe0522a5,1,431512,6.2207
9fc20f4f9db1f79ce6ea8d09b82f974d7e3bc1fa,1,1009080,5.7397
a13d6378c1b53d7adc631de4293334a0092452c2,1,428504,6.4984
a1589c37692dc90bd4834cbb984e9239a8622f75,1,70120,0.4852
a18c91d6423777dffd6afca80d32bf1964f449e6,1,342056,1.4411
a221fc85ed318d928289fc31a0c1b24845e7727c,1,555200,7.4128
a26ac7ebbc55b1b49ec62b31adb277756d57a7db,1,157024,0.3991
a2a28b8034df14ad2c582117a4e62c589256bc16,2,862552,4.006
a30d367a71b7017581cf1ca104242a3c644dec0f,3,664752,8.3927
a39032214de98ac9e96d9faab09bd9076c69e601,1,910240,2.265
a3ca53e4a792a5da18444fb587531029ed62f99b,1,286824,2.4519
a3df2777e8e4c8a9af56bcc8b1587e0838466285,1,882680,1.1514
a4b813d8b844094fcd77c511af596866043b20c8,1,392040,8.0487
a511af7c5e4c274925a2fa707c44e3e07ba9bee1,1,351704,4.651
a57aa8831ee8cdb36b47d501db48a0554acd8aa8,2,341688,2.1534
a5e24eabc306f7fcead0a9d2a5f1433401b6c0ce,3,420552,2.6387
a64f36e5562afedb76dbb13d602f840aa6c39681,2,272232,0.7066
a945e5c06627f9f84678eb7b17ba806c10ffdf57,1,265496,2.2769
aaaff8bd1ca95fc2225b50da2528730393d8bd0e,2,367592,1.0382
aae0ec255327e431221f3946b953321246fc8a3b,1,500728,1.3139
ab145a9f15ffa8e899a406e6404b15198a80dbd0,1,220584,1.3859
ab3d3aca48cce678eb65b915e46d59af4edc1d67,1,310064,3.6568
ab524282e8f95b107979b4d5ca4ae7c55bcc2868,1,262016,0.2695
abf83bc682f2bc0920033e8800a6896e20ecf7b7,1,77160,0.6508
ad0082fde43afbb0b74dbf75ad5912536d038f88,1,292000,2.1693
ad25716a756b6403790eff85d108efa2d63b668c,1,101736,0.3647
ade9bf7cb30de2894d4413129e0efee49348882d,1,15704,0.1229
ae9764ea0a6bb3cfeff9baae2d4fd748a53d1864,1,369168,0.6123
af8a9de663844e4310cc9c5bef2f879852d01592,1,68328,0.2543
afc4b36c1026a4fab0e6c50af09c6bd18adc17d5,1,313808,3.3224
b029ff11b6bb6cac438c3833657a7b0d7172df30,1,294400,2.2951
b065f4441be122c707e6109eee37d61e91b1c244,1,301640,1.4132
b0e18f804d016dd6664c71920d6c290c0af08909,2,709952,8.6474
b0e863195e4e1870eb4f3480fa8b15c6aff2a956,1,167504,0.9716
b1242ce92b1e494182c1b562545acd168084dca1,1,25408,0.2669
b16d1c2713c2894eadc5d0973b37aeff76382985,1,392952,3.4778
b2061de2e713d304ab8e845162888cca47ee32d3,5,2688024,35.6874
b2e4aad9e2ad5d2971831d5e5a41e8916363e6c9,1,242184,1.0505
b31c08db8de133ae499bfa23b681a8e6d3b2477d,1,234952,4.4426
b37099a1453504d0d8f52142be202ee94394c9db,1,71112,0.3303
b43f66c9d43c6febd7bbb9c94ca80adc4f33a182,2,503480,8.8192
b6c55a89161af8860397e2a46977b6f4c037c838,1,517328,6.5731
b6cd3b3c57e95bc574d09391c507855f17a8e41c,1,211464,0.2573
b7b78a2db2526cf95aa8ae3e86285abd7ccce652,2,1087744,25.3192
b7c7edf912fcd4a02b803c5bf84294e707232d77,1,392768,6.3092
ba6ed445a397b36e68e2a33bb2b3504d7a133304,1,114624,0.7208
bc7076b0902567b41ebc19eb1ae7dd14d7f0ca7e,1,309848,3.3829
bd1dac0c6e9b76d0e6439bc74ee83552edcd0d79,1,271336,0.4245
bd99b26bc52c3a10eda45efa4652cda5ceeb334d,1,282312,1.1004
be1b9ee0d579483d7373f2126347b08e0eb8bdaa,1,229952,0.7619
bf09e58d9de751e3860ed04389ec8ed3e6325f01,1,624392,10.6606
bfe5008b17235676cccbfac924a9d300f23b20dc,1,360512,4.1798
c0394286276da7d94c7b77b787981a78955f0b82,1,1193600,27.8869
c043ba77cf9bbf73e964fd9b8681c0cc4bd2662e,3,572312,5.6909
c09cc0a9b7d077ac1670a0df6af44ab27643f909,1,322824,3.3015
c20218eb5770b2cafb12bc7092313b8358fedc0a,1,305160,1.9671
c2bedf2dd5b9390da3b187b90b3589612d1b339a,1,517072,0.6615
c2d8d4e648faa172a65a88fcffaf4ccc10a1ad78,1,79984,0.3992
c2ff9de31bf061183865c230918527c105924fa1,1,203224,3.089
c340fd5a392b9ea5c0fb4b25ebe872d0992071c5,1,285768,0.9978
c39a0f7c2ad0fc41988ebda8d8dadef9fb4ab1e5,1,133072,1.7534
c6ad876774f3cc11e32681ea02a2eead00f2c521,1,123976,0.3703
c6bbfec2fffbd43ce53b89aac7983d80b3ca0bcc,2,273344,2.6584
c85c84be6bd4442552ef428a511ad8b4dea28853,2,526384,3.3543
c86eabb0d03d068933d75fa67385d0f734abac6c,1,280968,0.2083
c924ac3fdf8fe544891dc66c88018e259ee4be87,1,161512,1.0348
c992857618db99776917f10bf4f2345a5fdc78b0,1,138448,0.4119
c9cb699bfb98529a7324a9a5c6311ce4e6b0a5a4,1,55912,0.2475
c9e370c6b8d8ccdbc211765bd6c313c5b1e1ca98,3,763672,7.7899
cc2b3a68e6604141fb99dc2d1429817bbcece56e,1,151376,0.5418
cefd33925cf2c49ecca2a5a1590efcd00952ece6,1,418360,0.5558
cf3323dba473f3849200d294bb0349cd442f2006,1,343824,1.5164
cffabb641f7d35207a40c59ab8687c2365f0397e,1,33576,0.3177
d01f163ce0e60fe98d622d15e73de3c5a22396fc,1,156680,0.2464
d075df1768747c816ca9483465d3f453489ea352,2,758536,10.0516
d0762100b073887179dd8c92e3b852a36192d4c8,1,264144,3.4669
d131921c412f1d9ae7d9a5eb8af131dcf6fdfa0c,1,401320,5.7378
d49ffeea1ccd8bb7e65f0894bcc38f20bd0291ff,1,392968,0.6614
d4a7c9e1abd4fae24c47951f51bc00da1c090189,1,258312,0.9361
d60953bf2588f1dc597ff63d6859415348906efd,1,367064,2.1519
d766322e670c1dd7b23e968b2dcd1712f2f094d6,1,71216,0.3127
d80c87111b2dc1eea043240fcd5b88381bb747fd,1,84760,0.3321
d815289d54b3b34a8ef5e7e749e0bc2513ccdec7,1,306008,0.5767
d81c2a5f331e1e0d5cab27890828f01d2284cdc0,1,370872,6.3765
d86408b7b976d0cf91dfbb9a84a70e4876a5be3e,1,437976,1.8111
d8da89ea5d4d6fb36ae202598ef6c2f2d31038fb,1,248248,3.5572
d90f599b4d94ee77ad651b5233032f147720c1e6,1,269536,4.2012
da127ed3dd0325350e3becc48f3f3d2038a5c1e9,1,328104,2.7514
da2906e507d63bdb9511e3fbce83c0165500b779,2,792328,5.3636
dad7f71f157620be7d2e4168cb6b07cbd255cf61,1,339888,5.0712
db73d0998fc031b6dceb886cad2128ade0771118,1,348120,2.4124
dc03e4c51b6ec1cccaaa0a76f61832e499f5871b,1,240120,5.1925
dc782ceb8384da3272ef4fbeb4a527bb4e0ad9ce,1,415184,3.0848
dd27c4e15ee54251093c5895d3681c3894d2b68b,1,131704,0.7885
dde1c975b88f2e305ad4df720230474e30f6b100,2,332144,3.3072
ddf1bcf788c81b6b89d4c2949a437633fea09f91,1,219024,2.4436
ddf984d058bece79c85f3e7ea670d3396d6bfa33,1,118800,0.684
de4fb877e869d0574b33a3c75d723edbaa420b12,1,273536,4.1962
e09c8c102a6d5e6b7631226ddc74511337aaec36,1,210504,0.4831
e0c2a0ecfd3ec262175e7f6ce0eeb30b5dfa98ef,1,222120,0.2176
e0d4c66aff28d4db6688218560181ecd0e33cc64,1,198936,1.5712
e10c79d3ff0728e13991a24b469296e4eeaf3ed7,1,57552,0.8271
e16402b0c8d29a5caded5013c6b219f19ad4f51b,1,524048,7.2274
e2355c192c61fd672ce69d52afdac1079a0251a7,3,476632,3.2352
e252e9f231988b19fcb4baa8bf572525b1f7b14d,1,316192,2.2049
e2c0d8966253e11435e2273ab199f13a017207d3,1,134128,0.4468
e461f599289e70cde088d621fcd8fde6d6761ee6,1,442832,0.9757
e4ab38a3e440f945229fd9e4379b3f98aca2345e,5,1549232,11.5034
e6f287d59f2054c85d691ed7b279f09c91695e45,2,315792,4.3267
e9abc94483bb7d123057f8a70057f5ecf12841f2,1,325664,0.6624
e9c9e4c2af74cb0571855b1f2cde692e8c436a40,2,508288,3.1022
ea0a37643245ab3171ddf50292ad21ec5742626c,13,3848304,45.2586
eac4115d3639663701ebdbf6c42b2fc9c405b3c1,1,241168,0.576
eafaf1726917febdac069f32fead922d8ed6036a,1,251448,0.9076
eb64a97d33cee3e3a53500732f99ec147b649f7e,1,122592,1.5403
eb915a82a5f4d7fd6c36ad1710b35e2b0c2abd31,1,353080,2.0335
eddf5deb38576e3f2b52b00e32fb00208a0ee619,1,273904,2.6656
ee4696b1501c22f3dd79d3f89058ab603981a87a,1,540016,6.7635
eeac1d35d9246ef71b56df661d65707b05da3683,2,577736,4.9902
f119464929d054ced8c6d9e5b8d2a605620985e6,4,852544,5.3511
f1705801951775288766a3a2374ee2a802575da7,1,242944,2.945
f1a2cbfd6eccb8bd810d14850bdee33855bcd2fc,1,190088,2.0721
f28e2ce7a4cf4a82d367c106eee4b3113b85bcbf,2,1030672,16.2799
f31d9b12fd16da13162b190573c9d3d246b85d5a,1,170296,1.1244
f3b77510effad00db8554331a257e93968a977c2,1,179992,0.3081
f44c34329217a46a8918c476ba3690b6a102c696,1,201816,0.962
f621c0a4cbf6b69a674495eb3c0dd16fffeea902,1,305368,3.3243
f6a40570fa63d5afdd596c78083d754081d80ae3,9,2269208,30.9268
f6c65d3f45e1bb1db3634364bbc5daa3470de654,1,147824,0.8918
f90ecfb1f74bfec8bddd2dfec6e589693ca10105,1,746088,16.3464
f93b2fa524cbaab1d8b0ab4d48bae8d4017fecee,1,244448,0.9206
f95af7785bd0ff216821043c7a508a5e9fad0f12,1,264616,0.4437
f9c2c1acc62a245cd63aba4ed1969461f1c32d6e,1,167664,0.195
f9f48ef6742d2c745b8c6248d0ad85014222d3d4,1,129144,0.3487
fa17e2daf08e4d4107f87db24a6ac0d93d197b9f,1,423584,6.2574
fa60cd13699b332b67beb7987d5a5b862804ddc1,1,890616,1.3777
fa6815e14ea5adff93c5cd7be513c02a7c6e3f2a,1,411024,4.7394
fa87879babbe3413fd6ff93d35546aab15538c41,2,637432,4.2998
fb0441a8a2c9f97c2f0c34e6e8a82304b5097784,1,258232,1.6585
fb5408cf682904c84bb484436c0e5cafaf2553d7,1,314752,3.3277
fb7560bcbb3aec07be0f421ab17b9e56a1100cee,1,225184,0.1492
fcda82930e78dbfe92a3b0024212eb75fc08a919,1,450408,1.3347
fcfb046d91f606a67cb919f8a8de8c0e53671a2f,1,553504,8.3942
fd4413002d89d643b273cedc8fb51e12b9ec0eb4,1,193792,1.3561
fe417b06d670562bfcf5d3ac2e7a6f8d4f13d7bf,1,237912,2.1881
fe4eb9b10f31e132640f88edee08c96715a7cd8b,1,140232,0.7605
feb796d3126fa73240d3db6b511efd31018a43fd,1,110880,1.1404
ff7c1faa1297648522de9adc2df516bea78eeff4,1,421576,5.7241
